{
    "planets":
    [
        {
            "name": "Sun",
            "mass": 1,
            "x": 0,
            "y": 0,
            "z": 0,
            "vx": 0,
            "vy": 0,
            "vz": 0, 
            "isSun": true
        },
        {
            "name": "Earth",
            "mass": 0.0000030404378,
            "x": 8.50304780e-01,
            "y": -5.48379711e-01,
            "z": 1.66509015e-05,
            "vx": 9.04264811e-03,
            "vy": 1.43871423e-02,
            "vz": 1.02031100e-07, 
            "isSun": false
        },
        {
            "name": "Moon",
            "mass": 0.0000000369431,
            "x": 8.52721336e-01,
            "y": -5.48881745e-01,
            "z": -6.26780840e-06,
            "vx": 9.15266395e-03,
            "vy": 1.49910873e-02,
            "vz": -5.60971550e-05, 
            "isSun": false
        }
    ]
    
}