{
    "planets":
    [
        {
            "name": "Sun",
            "mass": 1.00000597682,
            "x": 0,
            "y": 0,
            "z": 0,
            "vx": 0,
            "vy": 0,
            "vz": 0, 
            "isSun": true
        },
        {
            "name": "Jupiter",
            "mass": 9.54786104043e-4,
            "x": -3.5023653,
            "y": -3.8169847,
            "z": -1.5507963,
            "vx": 0.00565429,
            "vy": -0.0412490,
            "vz": -0.00190589, 
            "isSun": false
        },
        {
            "name": "Saturn",
            "mass": 2.85583733151e-4,
            "x": 9.0755314,
            "y": -3.0458353,
            "z": -1.6483708,
            "vx": 0.00168318,
            "vy": 0.00483525,
            "vz": 0.00192462, 
            "isSun": false
        }
    ]
    
}